{
  "IsEncrypted": false,
  "Values": {
    "CosmosDbConnectionString": "AccountEndpoint=https://pokemondb.documents.azure.com:443/;AccountKey=JB7RC3AGxc1ych6k8EsOicZwAWX2QfrZaBOd0a6Na6vkbhk2vdSqQzBWEcsWnSG0CHvVb2SMm9J1afLoPuTgKA==",
    "AzureWebJobsStorage": "DefaultEndpointsProtocol=https;AccountName=eml4storage;AccountKey=WARDNxtZWOubwEQ8c4jGjUlhs8HucXjYIqk0xN/DeoxxBTgaHVP7+2Az/k5B1DQr8sAuonmWY3Ms+AStojijew==;EndpointSuffix=core.windows.net",
    "FUNCTIONS_WORKER_RUNTIME": "python",
    "eml4storage_STORAGE": "DefaultEndpointsProtocol=https;AccountName=eml4storage;AccountKey=WARDNxtZWOubwEQ8c4jGjUlhs8HucXjYIqk0xN/DeoxxBTgaHVP7+2Az/k5B1DQr8sAuonmWY3Ms+AStojijew==;EndpointSuffix=core.windows.net"
  }
}
